-- MySQL dump 10.13  Distrib 8.0.34, for Win64 (x86_64)
--
-- Host: 127.0.0.1    Database: h_smartpic
-- ------------------------------------------------------
-- Server version	8.0.34

/*!40101 SET @OLD_CHARACTER_SET_CLIENT=@@CHARACTER_SET_CLIENT */;
/*!40101 SET @OLD_CHARACTER_SET_RESULTS=@@CHARACTER_SET_RESULTS */;
/*!40101 SET @OLD_COLLATION_CONNECTION=@@COLLATION_CONNECTION */;
/*!50503 SET NAMES utf8mb4 */;
/*!40103 SET @OLD_TIME_ZONE=@@TIME_ZONE */;
/*!40103 SET TIME_ZONE='+00:00' */;
/*!40014 SET @OLD_UNIQUE_CHECKS=@@UNIQUE_CHECKS, UNIQUE_CHECKS=0 */;
/*!40014 SET @OLD_FOREIGN_KEY_CHECKS=@@FOREIGN_KEY_CHECKS, FOREIGN_KEY_CHECKS=0 */;
/*!40101 SET @OLD_SQL_MODE=@@SQL_MODE, SQL_MODE='NO_AUTO_VALUE_ON_ZERO' */;
/*!40111 SET @OLD_SQL_NOTES=@@SQL_NOTES, SQL_NOTES=0 */;

--
-- Table structure for table `picture`
--

DROP TABLE IF EXISTS `picture`;
/*!40101 SET @saved_cs_client     = @@character_set_client */;
/*!50503 SET character_set_client = utf8mb4 */;
CREATE TABLE `picture` (
  `id` bigint NOT NULL AUTO_INCREMENT COMMENT 'id',
  `url` varchar(512) COLLATE utf8mb4_unicode_ci NOT NULL COMMENT '图片 url',
  `name` varchar(128) COLLATE utf8mb4_unicode_ci NOT NULL COMMENT '图片名称',
  `introduction` varchar(512) COLLATE utf8mb4_unicode_ci DEFAULT NULL COMMENT '简介',
  `category` varchar(64) COLLATE utf8mb4_unicode_ci DEFAULT NULL COMMENT '分类',
  `tags` varchar(512) COLLATE utf8mb4_unicode_ci DEFAULT NULL COMMENT '标签（JSON 数组）',
  `picSize` bigint DEFAULT NULL COMMENT '图片体积',
  `picWidth` int DEFAULT NULL COMMENT '图片宽度',
  `picHeight` int DEFAULT NULL COMMENT '图片高度',
  `picScale` double DEFAULT NULL COMMENT '图片宽高比例',
  `picFormat` varchar(32) COLLATE utf8mb4_unicode_ci DEFAULT NULL COMMENT '图片格式',
  `userId` bigint NOT NULL COMMENT '创建用户 id',
  `createTime` datetime NOT NULL DEFAULT CURRENT_TIMESTAMP COMMENT '创建时间',
  `editTime` datetime NOT NULL DEFAULT CURRENT_TIMESTAMP COMMENT '编辑时间',
  `updateTime` datetime NOT NULL DEFAULT CURRENT_TIMESTAMP ON UPDATE CURRENT_TIMESTAMP COMMENT '更新时间',
  `isDelete` tinyint NOT NULL DEFAULT '0' COMMENT '是否删除',
  `reviewStatus` int NOT NULL DEFAULT '0' COMMENT '审核状态：0-待审核; 1-通过; 2-拒绝',
  `reviewMessage` varchar(512) COLLATE utf8mb4_unicode_ci DEFAULT NULL COMMENT '审核信息',
  `reviewerId` bigint DEFAULT NULL COMMENT '审核人 ID',
  `reviewTime` datetime DEFAULT NULL COMMENT '审核时间',
  `thumbnailUrl` varchar(512) COLLATE utf8mb4_unicode_ci DEFAULT NULL COMMENT '缩略图 url',
  `spaceId` bigint DEFAULT NULL COMMENT '空间 id（为空表示公共空间）',
  `picColor` varchar(16) COLLATE utf8mb4_unicode_ci DEFAULT NULL COMMENT '图片主色调',
  PRIMARY KEY (`id`),
  KEY `idx_name` (`name`),
  KEY `idx_introduction` (`introduction`),
  KEY `idx_category` (`category`),
  KEY `idx_tags` (`tags`),
  KEY `idx_userId` (`userId`),
  KEY `idx_reviewStatus` (`reviewStatus`),
  KEY `idx_spaceId` (`spaceId`)
) ENGINE=InnoDB AUTO_INCREMENT=2067945147945934850 DEFAULT CHARSET=utf8mb4 COLLATE=utf8mb4_unicode_ci COMMENT='图片';
/*!40101 SET character_set_client = @saved_cs_client */;

--
-- Dumping data for table `picture`
--

LOCK TABLES `picture` WRITE;
/*!40000 ALTER TABLE `picture` DISABLE KEYS */;
INSERT INTO `picture` VALUES (2064172588439916546,'https://hsc-1431273257.cos.ap-shanghai.myqcloud.com//h-smartpic/public/2063510821313417218/2026-06-09_aomlyAImTIXuMfKK.jpg','favicon','云图库——标题图','素材','[\"艺术\",\"背景\"]',7581,225,225,1,'JPEG',2063510821313417218,'2026-06-09 10:27:50','2026-06-09 19:09:46','2026-06-10 10:41:28',0,1,'管理员操作通过',2063510821313417218,'2026-06-10 10:41:28',NULL,NULL,NULL),(2064309929057968129,'https://hsc-1431273257.cos.ap-shanghai.myqcloud.com//h-smartpic/public/2063510821313417218/2026-06-09_UtWxwQn31DCTjm4V.png','0ac5c2c4-363d-4b98-a915-360f1ad097fe',NULL,'素材','[\"背景\",\"热门\",\"艺术\"]',164239,329,384,0.86,'PNG',2063510821313417218,'2026-06-09 19:33:34','2026-06-09 19:33:57','2026-06-10 10:41:27',0,1,'管理员操作通过',2063510821313417218,'2026-06-10 10:41:27',NULL,NULL,NULL),(2064310073513992193,'https://hsc-1431273257.cos.ap-shanghai.myqcloud.com//h-smartpic/public/2063510821313417218/2026-06-09_qsoFjXg624zD4ceP.png','1fb8da58-f30b-4695-bc07-d0df6bd44aa4',NULL,'表情包','[\"艺术\"]',345703,368,657,0.56,'PNG',2063510821313417218,'2026-06-09 19:34:09','2026-06-09 19:38:24','2026-06-10 10:41:26',0,1,'管理员操作通过',2063510821313417218,'2026-06-10 10:41:26',NULL,NULL,NULL),(2064310156032729089,'https://hsc-1431273257.cos.ap-shanghai.myqcloud.com//h-smartpic/public/2063510821313417218/2026-06-09_WVIlVdUw9jdPyCy1.png','9d66ca1c-1576-4dd5-9931-10122fd8a04d',NULL,NULL,NULL,146046,368,245,1.5,'PNG',2063510821313417218,'2026-06-09 19:34:28','2026-06-09 19:34:30','2026-06-10 10:41:24',0,1,'管理员操作通过',2063510821313417218,'2026-06-10 10:41:25',NULL,NULL,NULL),(2064310188177874945,'https://hsc-1431273257.cos.ap-shanghai.myqcloud.com//h-smartpic/public/2063510821313417218/2026-06-09_pUepigVwS5yQjR0C.png','66ca43d4-2f13-4e6d-a4c5-94ba1b2408b4',NULL,'海报','[\"生活\",\"热门\"]',249346,368,628,0.59,'PNG',2063510821313417218,'2026-06-09 19:34:36','2026-06-09 19:38:15','2026-06-10 10:41:22',0,1,'管理员操作通过',2063510821313417218,'2026-06-10 10:41:22',NULL,NULL,NULL),(2064310224144031746,'https://hsc-1431273257.cos.ap-shanghai.myqcloud.com//h-smartpic/public/2063510821313417218/2026-06-09_vhtVu5J62QaaBtJu.png','92aa9639-0af0-4185-b851-f782e0a93e2c',NULL,'素材','[\"生活\",\"高清\",\"艺术\"]',348516,368,634,0.58,'PNG',2063510821313417218,'2026-06-09 19:34:45','2026-06-09 19:37:58','2026-06-10 10:41:21',0,1,'管理员操作通过',2063510821313417218,'2026-06-10 10:41:21',NULL,NULL,NULL),(2064310244968751105,'https://hsc-1431273257.cos.ap-shanghai.myqcloud.com//h-smartpic/public/2063510821313417218/2026-06-09_Y12e2uKu14HbqwTf.png','197c2252-67d9-4aae-a4f8-052a9d215e7f',NULL,NULL,NULL,333799,368,636,0.58,'PNG',2063510821313417218,'2026-06-09 19:34:50','2026-06-09 19:34:51','2026-06-10 10:41:19',0,1,'管理员操作通过',2063510821313417218,'2026-06-10 10:41:20',NULL,NULL,NULL),(2064310263625015298,'https://hsc-1431273257.cos.ap-shanghai.myqcloud.com//h-smartpic/public/2063510821313417218/2026-06-09_Y1GTU0wshhuhhZGg.png','416a2df0-61a6-4cdc-a9e1-0caef8498e7f',NULL,'模板','[\"校园\",\"高清\"]',159583,368,246,1.5,'PNG',2063510821313417218,'2026-06-09 19:34:54','2026-06-09 19:37:45','2026-06-10 10:41:18',0,1,'管理员操作通过',2063510821313417218,'2026-06-10 10:41:19',NULL,NULL,NULL),(2064310279211048961,'https://hsc-1431273257.cos.ap-shanghai.myqcloud.com//h-smartpic/public/2063510821313417218/2026-06-09_39p3bxNXRWqpz6UB.png','7953a90a-72b2-4cf8-be4d-cc219cc26a8e',NULL,'模板','[\"背景\",\"艺术\"]',285776,368,564,0.65,'PNG',2063510821313417218,'2026-06-09 19:34:58','2026-06-09 19:37:35','2026-06-10 10:41:17',0,1,'管理员操作通过',2063510821313417218,'2026-06-10 10:41:18',NULL,NULL,NULL),(2064310298630676481,'https://hsc-1431273257.cos.ap-shanghai.myqcloud.com//h-smartpic/public/2063510821313417218/2026-06-09_NVJ9xXMcDl2ElQIw.png','32838912-9550-41ec-9484-e0bc14a43ee0',NULL,'电商','[\"背景\"]',325234,368,657,0.56,'PNG',2063510821313417218,'2026-06-09 19:35:02','2026-06-09 19:37:18','2026-06-10 10:41:16',0,1,'管理员操作通过',2063510821313417218,'2026-06-10 10:41:16',NULL,NULL,NULL),(2064310329119072257,'https://hsc-1431273257.cos.ap-shanghai.myqcloud.com//h-smartpic/public/2063510821313417218/2026-06-09_mD2UqhC6fhnV3sQP.png','aea15313-1500-4e2e-a0e0-500251c8a05c',NULL,'素材','[\"校园\",\"生活\"]',223098,368,339,1.09,'PNG',2063510821313417218,'2026-06-09 19:35:10','2026-06-09 19:36:11','2026-06-10 10:41:15',0,1,'管理员操作通过',2063510821313417218,'2026-06-10 10:41:15',NULL,NULL,NULL),(2064310345543966721,'https://hsc-1431273257.cos.ap-shanghai.myqcloud.com//h-smartpic/public/2063510821313417218/2026-06-09_jMOInrMdBGg4b9at.png','bbbde3a9-8f84-48c1-895c-62cf95460876',NULL,'表情包','[\"背景\",\"高清\"]',92063,368,246,1.5,'PNG',2063510821313417218,'2026-06-09 19:35:14','2026-06-09 19:35:56','2026-06-10 10:41:14',0,1,'管理员操作通过',2063510821313417218,'2026-06-10 10:41:14',NULL,NULL,NULL),(2064310359976566785,'https://hsc-1431273257.cos.ap-shanghai.myqcloud.com//h-smartpic/public/2063510821313417218/2026-06-09_5u7VnMIOcRBnq6FQ.png','bf70b9ac-a978-4fd3-aff8-f3cae5d07576',NULL,'海报','[\"生活\",\"艺术\"]',67432,368,619,0.59,'PNG',2063510821313417218,'2026-06-09 19:35:17','2026-06-09 19:35:41','2026-06-10 10:41:43',0,1,'管理员操作通过',2063510821313417218,'2026-06-10 10:41:44',NULL,NULL,NULL),(2064311549737033729,'https://hsc-1431273257.cos.ap-shanghai.myqcloud.com//h-smartpic/public/2063510821313417218/2026-06-09_kLlpdobrlajMKkpU.jpg','头像','头相册','表情包','[\"艺术\"]',127120,1060,1104,0.96,'JPEG',2063510821313417218,'2026-06-09 19:40:01','2026-06-09 19:40:18','2026-06-10 10:41:41',0,1,'管理员操作通过',2063510821313417218,'2026-06-10 10:41:42',NULL,NULL,NULL),(2064311723850981377,'https://hsc-1431273257.cos.ap-shanghai.myqcloud.com//h-smartpic/public/2063510821313417218/2026-06-09_mhzzn3EEYR5bAZje.png','fbdd2843-1574-4536-87bf-2508c760e309',NULL,NULL,NULL,881526,880,1072,0.82,'PNG',2063510821313417218,'2026-06-09 19:40:42','2026-06-09 19:40:44','2026-06-09 19:40:51',1,0,NULL,NULL,NULL,NULL,NULL,NULL),(2064311837713752065,'https://hsc-1431273257.cos.ap-shanghai.myqcloud.com//h-smartpic/public/2063510821313417218/2026-06-09_o3FTFL6VTkFRX3wo.png','fbdd2843-1574-4536-87bf-2508c760e309',NULL,NULL,NULL,881526,880,1072,0.82,'PNG',2063510821313417218,'2026-06-09 19:41:09','2026-06-09 19:41:11','2026-06-09 19:41:14',1,0,NULL,NULL,NULL,NULL,NULL,NULL),(2064311881871384577,'https://hsc-1431273257.cos.ap-shanghai.myqcloud.com//h-smartpic/public/2063510821313417218/2026-06-09_LdjTDmHlxBKuvtB4.png','fbdd2843-1574-4536-87bf-2508c760e309',NULL,NULL,NULL,881526,880,1072,0.82,'PNG',2063510821313417218,'2026-06-09 19:41:20','2026-06-09 19:41:21','2026-06-09 19:41:24',1,0,NULL,NULL,NULL,NULL,NULL,NULL),(2064544407076442114,'https://hsc-1431273257.cos.ap-shanghai.myqcloud.com//h-smartpic/public/2063510821313417218/2026-06-10_54oAgDzslKoFe09y.jpg','test',NULL,NULL,NULL,127120,1060,1104,0.96,'JPEG',2063510821313417218,'2026-06-10 11:05:18','2026-06-10 11:05:25','2026-06-16 14:47:17',0,1,'管理员操作通过',2063510821313417218,'2026-06-16 14:47:17',NULL,NULL,NULL),(2064630714972758017,'https://hsc-1431273257.cos.ap-shanghai.myqcloud.com//h-smartpic/public/2063510821313417218/2026-06-10_38blJeiOsDBJqd48.jpg','1',NULL,NULL,NULL,127120,1060,1104,0.96,'JPEG',2063510821313417218,'2026-06-10 16:48:16','2026-06-10 16:48:16','2026-06-10 17:05:16',1,1,'管理员自动过审',2063510821313417218,'2026-06-10 16:48:16',NULL,NULL,NULL),(2064634695052681217,'https://hsc-1431273257.cos.ap-shanghai.myqcloud.com//h-smartpic/public/2063510821313417218/2026-06-10_Wf41ky6cFMhYVtez.5&pid=1','布达拉宫','布达拉宫-天空之城','素材','[\"生活\",\"高清\",\"艺术\",\"背景\",\"热门\"]',25222,387,270,1.43,'WEBP',2063510821313417218,'2026-06-10 17:04:05','2026-06-10 17:04:52','2026-06-10 17:04:52',0,1,'管理员自动过审',2063510821313417218,'2026-06-10 17:04:52',NULL,NULL,NULL),(2064677529562636289,'https://hsc-1431273257.cos.ap-shanghai.myqcloud.com//h-smartpic/public/2063510821313417218/2026-06-10_sD3LwEVYbeLSIUWC.','晚霞风景1',NULL,NULL,NULL,11143,474,336,1.41,'JPEG',2063510821313417218,'2026-06-10 19:54:17','2026-06-10 19:54:17','2026-06-10 19:54:17',0,1,'管理员自动过审',2063510821313417218,'2026-06-10 19:54:18',NULL,NULL,NULL),(2064677532494454785,'https://hsc-1431273257.cos.ap-shanghai.myqcloud.com//h-smartpic/public/2063510821313417218/2026-06-10_tgwBjDGhkoqJm0Mh.','晚霞风景2',NULL,NULL,NULL,19905,474,265,1.79,'JPEG',2063510821313417218,'2026-06-10 19:54:18','2026-06-10 19:54:18','2026-06-10 19:54:18',0,1,'管理员自动过审',2063510821313417218,'2026-06-10 19:54:18',NULL,NULL,NULL),(2064677534713241602,'https://hsc-1431273257.cos.ap-shanghai.myqcloud.com//h-smartpic/public/2063510821313417218/2026-06-10_0sJb7gJtyIdMvbOI.','晚霞风景3',NULL,NULL,NULL,17844,474,355,1.34,'JPEG',2063510821313417218,'2026-06-10 19:54:18','2026-06-10 19:54:18','2026-06-10 19:54:18',0,1,'管理员自动过审',2063510821313417218,'2026-06-10 19:54:19',NULL,NULL,NULL),(2064677537246601217,'https://hsc-1431273257.cos.ap-shanghai.myqcloud.com//h-smartpic/public/2063510821313417218/2026-06-10_jtKZe290IQZtWASO.','晚霞风景4',NULL,NULL,NULL,17556,474,316,1.5,'JPEG',2063510821313417218,'2026-06-10 19:54:19','2026-06-10 19:54:19','2026-06-10 19:54:19',0,1,'管理员自动过审',2063510821313417218,'2026-06-10 19:54:19',NULL,NULL,NULL),(2064677539347947522,'https://hsc-1431273257.cos.ap-shanghai.myqcloud.com//h-smartpic/public/2063510821313417218/2026-06-10_BNa3AFluQ9nowmhJ.','晚霞风景5',NULL,NULL,NULL,15221,474,316,1.5,'JPEG',2063510821313417218,'2026-06-10 19:54:19','2026-06-10 19:54:19','2026-06-10 19:54:19',0,1,'管理员自动过审',2063510821313417218,'2026-06-10 19:54:20',NULL,NULL,NULL),(2064677541440905217,'https://hsc-1431273257.cos.ap-shanghai.myqcloud.com//h-smartpic/public/2063510821313417218/2026-06-10_VuCTxqm5d02NzVKz.','晚霞风景6',NULL,NULL,NULL,17661,474,316,1.5,'JPEG',2063510821313417218,'2026-06-10 19:54:20','2026-06-10 19:54:20','2026-06-10 19:54:20',0,1,'管理员自动过审',2063510821313417218,'2026-06-10 19:54:20',NULL,NULL,NULL),(2064677543596777474,'https://hsc-1431273257.cos.ap-shanghai.myqcloud.com//h-smartpic/public/2063510821313417218/2026-06-10_byoeTJ9kaokirgGN.','晚霞风景7',NULL,NULL,NULL,28235,474,355,1.34,'JPEG',2063510821313417218,'2026-06-10 19:54:20','2026-06-10 19:54:20','2026-06-10 19:54:20',0,1,'管理员自动过审',2063510821313417218,'2026-06-10 19:54:21',NULL,NULL,NULL),(2064677546071416834,'https://hsc-1431273257.cos.ap-shanghai.myqcloud.com//h-smartpic/public/2063510821313417218/2026-06-10_kEjMXIEvNgHJ9iU8.','晚霞风景8',NULL,NULL,NULL,26555,474,355,1.34,'JPEG',2063510821313417218,'2026-06-10 19:54:21','2026-06-10 19:54:21','2026-06-10 19:54:21',0,1,'管理员自动过审',2063510821313417218,'2026-06-10 19:54:21',NULL,NULL,NULL),(2064677548155985921,'https://hsc-1431273257.cos.ap-shanghai.myqcloud.com//h-smartpic/public/2063510821313417218/2026-06-10_QP9OTgHSI9HkTSA4.','晚霞风景9',NULL,NULL,NULL,20899,474,316,1.5,'JPEG',2063510821313417218,'2026-06-10 19:54:22','2026-06-10 19:54:22','2026-06-10 19:54:22',0,1,'管理员自动过审',2063510821313417218,'2026-06-10 19:54:22',NULL,NULL,NULL),(2064677550567710722,'https://hsc-1431273257.cos.ap-shanghai.myqcloud.com//h-smartpic/public/2063510821313417218/2026-06-10_tsNwsKfF7xlMPRAk.','晚霞风景10',NULL,NULL,NULL,24334,474,266,1.78,'JPEG',2063510821313417218,'2026-06-10 19:54:22','2026-06-10 19:54:22','2026-06-10 19:54:22',0,1,'管理员自动过审',2063510821313417218,'2026-06-10 19:54:23',NULL,NULL,NULL),(2064682122497482753,'https://hsc-1431273257.cos.ap-shanghai.myqcloud.com//h-smartpic/public/2063510821313417218/2026-06-10_HUDKCVwYfZCAowjV.','世界旅行美景1',NULL,NULL,NULL,30272,474,316,1.5,'JPEG',2063510821313417218,'2026-06-10 20:12:32','2026-06-10 20:12:32','2026-06-10 20:12:32',0,1,'管理员自动过审',2063510821313417218,'2026-06-10 20:12:33',NULL,NULL,NULL),(2064682125181837314,'https://hsc-1431273257.cos.ap-shanghai.myqcloud.com//h-smartpic/public/2063510821313417218/2026-06-10_ycQwNj6ddHFRBaNv.','世界旅行美景2',NULL,NULL,NULL,37595,474,274,1.73,'JPEG',2063510821313417218,'2026-06-10 20:12:33','2026-06-10 20:12:33','2026-06-10 20:12:33',0,1,'管理员自动过审',2063510821313417218,'2026-06-10 20:12:33',NULL,NULL,NULL),(2064682127723585538,'https://hsc-1431273257.cos.ap-shanghai.myqcloud.com//h-smartpic/public/2063510821313417218/2026-06-10_UdXiRzAI4Elk3wuZ.','世界旅行美景3',NULL,NULL,NULL,83478,474,590,0.8,'JPEG',2063510821313417218,'2026-06-10 20:12:33','2026-06-10 20:12:33','2026-06-10 20:12:33',0,1,'管理员自动过审',2063510821313417218,'2026-06-10 20:12:34',NULL,NULL,NULL),(2064682129480998914,'https://hsc-1431273257.cos.ap-shanghai.myqcloud.com//h-smartpic/public/2063510821313417218/2026-06-10_pzpeZJkuQETrdWOv.','世界旅行美景4',NULL,NULL,NULL,28435,474,316,1.5,'JPEG',2063510821313417218,'2026-06-10 20:12:34','2026-06-10 20:12:34','2026-06-10 20:12:34',0,1,'管理员自动过审',2063510821313417218,'2026-06-10 20:12:34',NULL,NULL,NULL),(2064682131309715457,'https://hsc-1431273257.cos.ap-shanghai.myqcloud.com//h-smartpic/public/2063510821313417218/2026-06-10_O7xt3NzwYNjKzCOr.','世界旅行美景5',NULL,NULL,NULL,39016,474,315,1.5,'JPEG',2063510821313417218,'2026-06-10 20:12:34','2026-06-10 20:12:34','2026-06-10 20:12:34',0,1,'管理员自动过审',2063510821313417218,'2026-06-10 20:12:35',NULL,NULL,NULL),(2064682133939544065,'https://hsc-1431273257.cos.ap-shanghai.myqcloud.com//h-smartpic/public/2063510821313417218/2026-06-10_q0akjzzy191u9YQY.','世界旅行美景6',NULL,NULL,NULL,42529,474,315,1.5,'JPEG',2063510821313417218,'2026-06-10 20:12:35','2026-06-10 20:12:35','2026-06-10 20:12:35',0,1,'管理员自动过审',2063510821313417218,'2026-06-10 20:12:35',NULL,NULL,NULL),(2064682136162525186,'https://hsc-1431273257.cos.ap-shanghai.myqcloud.com//h-smartpic/public/2063510821313417218/2026-06-10_JtV7EUdc0B5GLP4B.','世界旅行美景7',NULL,NULL,NULL,30161,474,266,1.78,'JPEG',2063510821313417218,'2026-06-10 20:12:35','2026-06-10 20:12:35','2026-06-10 20:12:35',0,1,'管理员自动过审',2063510821313417218,'2026-06-10 20:12:36',NULL,NULL,NULL),(2064682138251288578,'https://hsc-1431273257.cos.ap-shanghai.myqcloud.com//h-smartpic/public/2063510821313417218/2026-06-10_2lLjD2eX7xywERhq.','世界旅行美景8',NULL,NULL,NULL,39674,474,316,1.5,'JPEG',2063510821313417218,'2026-06-10 20:12:36','2026-06-10 20:12:36','2026-06-10 20:12:36',0,1,'管理员自动过审',2063510821313417218,'2026-06-10 20:12:36',NULL,NULL,NULL),(2064682140402966529,'https://hsc-1431273257.cos.ap-shanghai.myqcloud.com//h-smartpic/public/2063510821313417218/2026-06-10_zFsqAG2817VV4gL2.','世界旅行美景9',NULL,NULL,NULL,21808,474,266,1.78,'JPEG',2063510821313417218,'2026-06-10 20:12:36','2026-06-10 20:12:36','2026-06-10 20:12:36',0,1,'管理员自动过审',2063510821313417218,'2026-06-10 20:12:37',NULL,NULL,NULL),(2064682142684667905,'https://hsc-1431273257.cos.ap-shanghai.myqcloud.com//h-smartpic/public/2063510821313417218/2026-06-10_lqG9WYMMBQl6MrgQ.','世界旅行美景10',NULL,NULL,NULL,48343,474,310,1.53,'JPEG',2063510821313417218,'2026-06-10 20:12:37','2026-06-10 20:12:37','2026-06-10 20:12:37',0,1,'管理员自动过审',2063510821313417218,'2026-06-10 20:12:37',NULL,NULL,NULL),(2064684185486876674,'https://hsc-1431273257.cos.ap-shanghai.myqcloud.com//h-smartpic/public/2063510821313417218/2026-06-10_Vq310VWPdz28FamC.','蔡徐坤打篮球1',NULL,NULL,NULL,10663,474,267,1.78,'JPEG',2063510821313417218,'2026-06-10 20:20:44','2026-06-10 20:20:44','2026-06-10 20:20:44',0,1,'管理员自动过审',2063510821313417218,'2026-06-10 20:20:44',NULL,NULL,NULL),(2064684188045402113,'https://hsc-1431273257.cos.ap-shanghai.myqcloud.com//h-smartpic/public/2063510821313417218/2026-06-10_JCsoaga9ysNwiBGo.','蔡徐坤打篮球2',NULL,NULL,NULL,17406,474,266,1.78,'JPEG',2063510821313417218,'2026-06-10 20:20:45','2026-06-10 20:20:45','2026-06-10 20:20:45',0,1,'管理员自动过审',2063510821313417218,'2026-06-10 20:20:45',NULL,NULL,NULL),(2064684190587150338,'https://hsc-1431273257.cos.ap-shanghai.myqcloud.com//h-smartpic/public/2063510821313417218/2026-06-10_cF5GEZbt7mijMcRh.','蔡徐坤打篮球1',NULL,NULL,'[]',9786,474,266,1.78,'JPEG',2063510821313417218,'2026-06-10 20:20:45','2026-06-10 20:32:24','2026-06-10 20:32:24',0,1,'管理员自动过审',2063510821313417218,'2026-06-10 20:32:24',NULL,NULL,NULL),(2064684193149870082,'https://hsc-1431273257.cos.ap-shanghai.myqcloud.com//h-smartpic/public/2063510821313417218/2026-06-10_vCljLGNQmNUhKqwP.','蔡徐坤打篮球4',NULL,NULL,NULL,9475,474,266,1.78,'JPEG',2063510821313417218,'2026-06-10 20:20:46','2026-06-10 20:20:46','2026-06-10 20:20:46',0,1,'管理员自动过审',2063510821313417218,'2026-06-10 20:20:46',NULL,NULL,NULL),(2064684195888750594,'https://hsc-1431273257.cos.ap-shanghai.myqcloud.com//h-smartpic/public/2063510821313417218/2026-06-10_blw53SMy8n1AGOk9.','蔡徐坤打篮球5',NULL,NULL,NULL,10615,474,266,1.78,'JPEG',2063510821313417218,'2026-06-10 20:20:46','2026-06-10 20:20:46','2026-06-10 20:20:46',0,1,'管理员自动过审',2063510821313417218,'2026-06-10 20:20:47',NULL,NULL,NULL),(2064686609945481217,'https://hsc-1431273257.cos.ap-shanghai.myqcloud.com//h-smartpic/public/2063510821313417218/2026-06-10_9gaikqrDnNvUcCbS.','青藏高原1',NULL,NULL,NULL,26652,474,316,1.5,'JPEG',2063510821313417218,'2026-06-10 20:30:22','2026-06-10 20:30:22','2026-06-10 20:30:22',0,1,'管理员自动过审',2063510821313417218,'2026-06-10 20:30:22',NULL,NULL,NULL),(2064686611988107266,'https://hsc-1431273257.cos.ap-shanghai.myqcloud.com//h-smartpic/public/2063510821313417218/2026-06-10_F5hcxKUZayzi2zIS.','青藏高原2',NULL,NULL,NULL,21916,474,256,1.85,'JPEG',2063510821313417218,'2026-06-10 20:30:22','2026-06-10 20:30:22','2026-06-10 20:30:22',0,1,'管理员自动过审',2063510821313417218,'2026-06-10 20:30:23',NULL,NULL,NULL),(2064687074150121473,'https://hsc-1431273257.cos.ap-shanghai.myqcloud.com//h-smartpic/public/2063510821313417218/2026-06-10_zfXtz28NgCcnojmk.','布达拉宫1',NULL,NULL,NULL,35488,474,316,1.5,'JPEG',2063510821313417218,'2026-06-10 20:32:13','2026-06-10 20:32:13','2026-06-11 09:41:37',1,1,'管理员自动过审',2063510821313417218,'2026-06-10 20:32:13',NULL,NULL,NULL),(2064693777767804930,'https://hsc-1431273257.cos.ap-shanghai.myqcloud.com//h-smartpic/public/2063510821313417218/2026-06-10_FY4PO9u6QTQLi3U9.','布达拉宫1',NULL,NULL,NULL,35488,474,316,1.5,'JPEG',2063510821313417218,'2026-06-10 20:58:51','2026-06-10 20:58:51','2026-06-11 09:41:20',1,1,'管理员自动过审',2063510821313417218,'2026-06-10 20:58:51',NULL,NULL,NULL),(2064695032183468034,'https://hsc-1431273257.cos.ap-shanghai.myqcloud.com//h-smartpic/public/2063510821313417218/2026-06-10_4DOgxIQf5e4CoAgH.','布达拉宫1',NULL,NULL,NULL,35488,474,316,1.5,'JPEG',2063510821313417218,'2026-06-10 21:03:50','2026-06-10 21:03:50','2026-06-11 09:40:38',1,1,'管理员自动过审',2063510821313417218,'2026-06-10 21:03:51',NULL,NULL,NULL),(2064696410918297602,'https://hsc-1431273257.cos.ap-shanghai.myqcloud.com//h-smartpic/public/2063510821313417218/2026-06-10_PLQIZYyBO30jHEDX.','布达拉宫1',NULL,'模板','[\"热门\"]',35488,474,316,1.5,'JPEG',2063510821313417218,'2026-06-10 21:09:19','2026-06-10 21:09:19','2026-06-10 21:09:19',0,1,'管理员自动过审',2063510821313417218,'2026-06-10 21:09:19',NULL,NULL,NULL),(2064908588392878082,'https://hsc-1431273257.cos.ap-shanghai.myqcloud.com//h-smartpic/public/2063820986231255042/2026-06-11_e2gk0z9WDEztGhge.jpg','1',NULL,NULL,NULL,127120,1060,1104,0.96,'JPEG',2063820986231255042,'2026-06-11 11:12:26','2026-06-11 11:12:28','2026-06-11 11:13:10',0,1,'管理员操作通过',2063510821313417218,'2026-06-11 11:13:11',NULL,NULL,NULL),(2064990868155088897,'https://hsc-1431273257.cos.ap-shanghai.myqcloud.com//h-smartpic/public/2063510821313417218/2026-06-11_RTlElIfzKjXmczdC.jpg','1',NULL,NULL,NULL,127120,1060,1104,0.96,'JPEG',2063510821313417218,'2026-06-11 16:39:23','2026-06-11 16:39:23','2026-06-11 16:39:23',0,1,'管理员自动过审',2063510821313417218,'2026-06-11 16:39:23',NULL,NULL,NULL),(2064991908820586497,'https://hsc-1431273257.cos.ap-shanghai.myqcloud.com/h-smartpic/public/2063510821313417218/2026-06-11_HGwB4EWoknaBUnw5.webp','1',NULL,NULL,NULL,69026,1060,1104,0.96,'webp',2063510821313417218,'2026-06-11 16:43:31','2026-06-11 16:43:31','2026-06-11 16:43:31',0,1,'管理员自动过审',2063510821313417218,'2026-06-11 16:43:31',NULL,NULL,NULL),(2065002597870178306,'https://hsc-1431273257.cos.ap-shanghai.myqcloud.com/h-smartpic/public/2063510821313417218/2026-06-11_iMMt6MTlSbnou3lE.webp','1',NULL,NULL,NULL,69026,1060,1104,0.96,'webp',2063510821313417218,'2026-06-11 17:25:59','2026-06-11 17:25:59','2026-06-11 17:25:59',0,1,'管理员自动过审',2063510821313417218,'2026-06-11 17:26:00','https://hsc-1431273257.cos.ap-shanghai.myqcloud.com/h-smartpic/public/2063510821313417218/2026-06-11_iMMt6MTlSbnou3lE_thumbnail.jpg',NULL,NULL),(2065006046913454082,'https://hsc-1431273257.cos.ap-shanghai.myqcloud.com/h-smartpic/public/2063510821313417218/2026-06-11_kI1mI86yFfNus0V5.webp','高清壁纸1',NULL,'素材','[\"背景\",\"高清\"]',22232,474,266,1.78,'webp',2063510821313417218,'2026-06-11 17:39:42','2026-06-11 17:39:42','2026-06-11 17:39:42',0,1,'管理员自动过审',2063510821313417218,'2026-06-11 17:39:42','https://hsc-1431273257.cos.ap-shanghai.myqcloud.com/h-smartpic/public/2063510821313417218/2026-06-11_kI1mI86yFfNus0V5_thumbnail.',NULL,NULL),(2065006049140629506,'https://hsc-1431273257.cos.ap-shanghai.myqcloud.com/h-smartpic/public/2063510821313417218/2026-06-11_q6DCDmsU0B8d4QS8.webp','高清壁纸2',NULL,'素材','[\"背景\",\"高清\"]',13266,474,329,1.44,'webp',2063510821313417218,'2026-06-11 17:39:42','2026-06-11 17:39:42','2026-06-11 17:39:42',0,1,'管理员自动过审',2063510821313417218,'2026-06-11 17:39:43','https://hsc-1431273257.cos.ap-shanghai.myqcloud.com/h-smartpic/public/2063510821313417218/2026-06-11_q6DCDmsU0B8d4QS8_thumbnail.',NULL,NULL),(2065006051611074561,'https://hsc-1431273257.cos.ap-shanghai.myqcloud.com/h-smartpic/public/2063510821313417218/2026-06-11_c9X6qGkhFLXdf5FQ.webp','高清壁纸3',NULL,'素材','[\"背景\",\"高清\"]',14962,474,316,1.5,'webp',2063510821313417218,'2026-06-11 17:39:43','2026-06-11 17:39:43','2026-06-11 17:39:43',0,1,'管理员自动过审',2063510821313417218,'2026-06-11 17:39:43','https://hsc-1431273257.cos.ap-shanghai.myqcloud.com/h-smartpic/public/2063510821313417218/2026-06-11_c9X6qGkhFLXdf5FQ_thumbnail.',NULL,NULL),(2065006054492561410,'https://hsc-1431273257.cos.ap-shanghai.myqcloud.com/h-smartpic/public/2063510821313417218/2026-06-11_CoH34k32oM8LSDrb.webp','高清壁纸4',NULL,'素材','[\"背景\",\"高清\"]',28838,474,266,1.78,'webp',2063510821313417218,'2026-06-11 17:39:44','2026-06-11 17:39:44','2026-06-11 17:39:44',0,1,'管理员自动过审',2063510821313417218,'2026-06-11 17:39:44','https://hsc-1431273257.cos.ap-shanghai.myqcloud.com/h-smartpic/public/2063510821313417218/2026-06-11_CoH34k32oM8LSDrb_thumbnail.',NULL,NULL),(2065006056774262786,'https://hsc-1431273257.cos.ap-shanghai.myqcloud.com/h-smartpic/public/2063510821313417218/2026-06-11_xdO3sgANNwhiUJyI.webp','高清壁纸5',NULL,'素材','[\"背景\",\"高清\"]',12016,474,335,1.41,'webp',2063510821313417218,'2026-06-11 17:39:44','2026-06-11 17:39:44','2026-06-11 17:39:44',0,1,'管理员自动过审',2063510821313417218,'2026-06-11 17:39:45','https://hsc-1431273257.cos.ap-shanghai.myqcloud.com/h-smartpic/public/2063510821313417218/2026-06-11_xdO3sgANNwhiUJyI.webp',NULL,NULL),(2065006059320205313,'https://hsc-1431273257.cos.ap-shanghai.myqcloud.com/h-smartpic/public/2063510821313417218/2026-06-11_sRPo4VVRwzXzSKUY.webp','高清壁纸6',NULL,'素材','[\"背景\",\"高清\"]',24162,474,296,1.6,'webp',2063510821313417218,'2026-06-11 17:39:45','2026-06-11 17:39:45','2026-06-11 17:39:45',0,1,'管理员自动过审',2063510821313417218,'2026-06-11 17:39:45','https://hsc-1431273257.cos.ap-shanghai.myqcloud.com/h-smartpic/public/2063510821313417218/2026-06-11_sRPo4VVRwzXzSKUY_thumbnail.',NULL,NULL),(2065006061421551617,'https://hsc-1431273257.cos.ap-shanghai.myqcloud.com/h-smartpic/public/2063510821313417218/2026-06-11_QNVqpQnGeoPQRLqq.webp','高清壁纸7',NULL,'素材','[\"背景\",\"高清\"]',24564,474,266,1.78,'webp',2063510821313417218,'2026-06-11 17:39:45','2026-06-11 17:39:45','2026-06-11 17:39:45',0,1,'管理员自动过审',2063510821313417218,'2026-06-11 17:39:46','https://hsc-1431273257.cos.ap-shanghai.myqcloud.com/h-smartpic/public/2063510821313417218/2026-06-11_QNVqpQnGeoPQRLqq_thumbnail.',NULL,NULL),(2065006064156237825,'https://hsc-1431273257.cos.ap-shanghai.myqcloud.com/h-smartpic/public/2063510821313417218/2026-06-11_XAolpkThpzx5yCn0.webp','高清壁纸8',NULL,'素材','[\"背景\",\"高清\"]',19922,474,266,1.78,'webp',2063510821313417218,'2026-06-11 17:39:46','2026-06-11 17:39:46','2026-06-11 17:39:46',0,1,'管理员自动过审',2063510821313417218,'2026-06-11 17:39:46','https://hsc-1431273257.cos.ap-shanghai.myqcloud.com/h-smartpic/public/2063510821313417218/2026-06-11_XAolpkThpzx5yCn0_thumbnail.',NULL,NULL),(2065006066433744898,'https://hsc-1431273257.cos.ap-shanghai.myqcloud.com/h-smartpic/public/2063510821313417218/2026-06-11_AKiNfH8Yw1pm9oaH.webp','高清壁纸9',NULL,'素材','[\"背景\",\"高清\"]',34142,474,282,1.68,'webp',2063510821313417218,'2026-06-11 17:39:46','2026-06-11 17:39:46','2026-06-11 17:39:46',0,1,'管理员自动过审',2063510821313417218,'2026-06-11 17:39:47','https://hsc-1431273257.cos.ap-shanghai.myqcloud.com/h-smartpic/public/2063510821313417218/2026-06-11_AKiNfH8Yw1pm9oaH_thumbnail.',NULL,NULL),(2065006068518313986,'https://hsc-1431273257.cos.ap-shanghai.myqcloud.com/h-smartpic/public/2063510821313417218/2026-06-11_aRqpkTCEYBnwDfPz.webp','测试120260616',NULL,'电商','[\"搞笑\",\"生活\"]',12014,474,266,1.78,'webp',2063510821313417218,'2026-06-11 17:39:47','2026-06-11 17:39:47','2026-06-16 11:27:47',0,1,'管理员自动过审',2063510821313417218,'2026-06-11 17:39:47','https://hsc-1431273257.cos.ap-shanghai.myqcloud.com/h-smartpic/public/2063510821313417218/2026-06-11_aRqpkTCEYBnwDfPz.webp',NULL,NULL),(2066372132216983554,'https://hsc-1431273257.cos.ap-shanghai.myqcloud.com/h-smartpic/space/2066372071609290753/2026-06-15_ey14pUIQSI6gfF5O.webp','测试','测试','模板','[\"校园\"]',69026,1060,1104,0.96,'webp',2063510821313417218,'2026-06-15 12:08:02','2026-06-15 12:08:11','2026-06-15 12:08:11',0,1,'管理员自动过审',2063510821313417218,'2026-06-15 12:08:11','https://hsc-1431273257.cos.ap-shanghai.myqcloud.com/h-smartpic/space/2066372071609290753/2026-06-15_ey14pUIQSI6gfF5O_thumbnail.jpg',2066372071609290753,NULL),(2066372845223497729,'https://hsc-1431273257.cos.ap-shanghai.myqcloud.com/h-smartpic/space/2066372780211785729/2026-06-15_5xMdxKdwdFJsr1tv.webp','普通用户普通版图库测试','普通用户普通版图库测试','模板','[\"背景\"]',14098,329,384,0.86,'webp',2066372574728638466,'2026-06-15 12:10:52','2026-06-15 12:11:12','2026-06-15 12:11:11',0,0,NULL,NULL,NULL,'https://hsc-1431273257.cos.ap-shanghai.myqcloud.com/h-smartpic/space/2066372780211785729/2026-06-15_5xMdxKdwdFJsr1tv_thumbnail.png',2066372780211785729,NULL),(2066502573154168833,'https://hsc-1431273257.cos.ap-shanghai.myqcloud.com/h-smartpic/space/2066372071609290753/2026-06-15_61pWn3QygkuHsXOu.webp','测试素材_1_20260616',NULL,'模板','[\"搞笑\"]',14098,329,384,0.86,'webp',2063510821313417218,'2026-06-15 20:46:21','2026-06-15 20:46:24','2026-06-16 11:42:49',0,1,'管理员自动过审',2063510821313417218,'2026-06-15 20:46:24','https://hsc-1431273257.cos.ap-shanghai.myqcloud.com/h-smartpic/space/2066372071609290753/2026-06-15_61pWn3QygkuHsXOu_thumbnail.png',2066372071609290753,'0x373524'),(2066503233757048833,'https://hsc-1431273257.cos.ap-shanghai.myqcloud.com/h-smartpic/space/2066372071609290753/2026-06-15_bL6aeM7CdBCcEmtI.webp','测试素材_2_20260616',NULL,'模板','[\"搞笑\"]',13518,368,245,1.5,'webp',2063510821313417218,'2026-06-15 20:48:59','2026-06-15 20:49:01','2026-06-16 11:42:49',0,1,'管理员自动过审',2063510821313417218,'2026-06-15 20:49:01','https://hsc-1431273257.cos.ap-shanghai.myqcloud.com/h-smartpic/space/2066372071609290753/2026-06-15_bL6aeM7CdBCcEmtI_thumbnail.png',2066372071609290753,'0x041d53'),(2066503274315968513,'https://hsc-1431273257.cos.ap-shanghai.myqcloud.com/h-smartpic/space/2066372071609290753/2026-06-15_XtIDptzbE06dsWlu.webp','测试素材_3_20260616',NULL,'模板','[\"搞笑\"]',7578,368,246,1.5,'webp',2063510821313417218,'2026-06-15 20:49:09','2026-06-15 20:49:11','2026-06-16 11:42:49',0,1,'管理员自动过审',2063510821313417218,'2026-06-15 20:49:11','https://hsc-1431273257.cos.ap-shanghai.myqcloud.com/h-smartpic/space/2066372071609290753/2026-06-15_XtIDptzbE06dsWlu_thumbnail.png',2066372071609290753,'0x02115b'),(2066503327101284353,'https://hsc-1431273257.cos.ap-shanghai.myqcloud.com/h-smartpic/space/2066372071609290753/2026-06-15_azsiYnNodgPaqFhE.webp','测试素材_4_20260616',NULL,'模板','[\"搞笑\"]',36548,368,564,0.65,'webp',2063510821313417218,'2026-06-15 20:49:21','2026-06-15 20:49:23','2026-06-16 11:42:49',0,1,'管理员自动过审',2063510821313417218,'2026-06-15 20:49:23','https://hsc-1431273257.cos.ap-shanghai.myqcloud.com/h-smartpic/space/2066372071609290753/2026-06-15_azsiYnNodgPaqFhE_thumbnail.png',2066372071609290753,'0x7c694d'),(2066701693726756866,'https://hsc-1431273257.cos.ap-shanghai.myqcloud.com/h-smartpic/space/2066372071609290753/2026-06-16_3zwWxejPhJzVsTem.webp','测试素材_5_20260616',NULL,'模板','[\"搞笑\"]',34168,368,634,0.58,'webp',2063510821313417218,'2026-06-16 09:57:35','2026-06-16 09:57:38','2026-06-16 11:42:49',0,1,'管理员自动过审',2063510821313417218,'2026-06-16 09:57:38','https://hsc-1431273257.cos.ap-shanghai.myqcloud.com/h-smartpic/space/2066372071609290753/2026-06-16_3zwWxejPhJzVsTem_thumbnail.png',2066372071609290753,'0x062a3a'),(2066701743697694722,'https://hsc-1431273257.cos.ap-shanghai.myqcloud.com/h-smartpic/space/2066372071609290753/2026-06-16_21vaLzwdWFw7fDWX.webp','测试素材_6_20260616',NULL,'模板','[\"搞笑\"]',26242,368,339,1.09,'webp',2063510821313417218,'2026-06-16 09:57:47','2026-06-16 09:57:51','2026-06-16 11:42:49',0,1,'管理员自动过审',2063510821313417218,'2026-06-16 09:57:51','https://hsc-1431273257.cos.ap-shanghai.myqcloud.com/h-smartpic/space/2066372071609290753/2026-06-16_21vaLzwdWFw7fDWX_thumbnail.png',2066372071609290753,'0xb1ae87'),(2066701831161516033,'https://hsc-1431273257.cos.ap-shanghai.myqcloud.com/h-smartpic/space/2066372071609290753/2026-06-16_GFKoqxvF41LIwVSg.webp','测试素材_7_20260616',NULL,'模板','[\"搞笑\"]',18104,368,246,1.5,'webp',2063510821313417218,'2026-06-16 09:58:08','2026-06-16 09:58:10','2026-06-16 11:42:49',0,1,'管理员自动过审',2063510821313417218,'2026-06-16 09:58:10','https://hsc-1431273257.cos.ap-shanghai.myqcloud.com/h-smartpic/space/2066372071609290753/2026-06-16_GFKoqxvF41LIwVSg_thumbnail.png',2066372071609290753,'0x606044'),(2066701880155181058,'https://hsc-1431273257.cos.ap-shanghai.myqcloud.com/h-smartpic/space/2066372071609290753/2026-06-16_HhKBXV4QU7ZSZaxS.webp','测试素材_8_20260616',NULL,'模板','[\"搞笑\"]',34876,368,657,0.56,'webp',2063510821313417218,'2026-06-16 09:58:20','2026-06-16 09:58:21','2026-06-16 11:42:49',0,1,'管理员自动过审',2063510821313417218,'2026-06-16 09:58:21','https://hsc-1431273257.cos.ap-shanghai.myqcloud.com/h-smartpic/space/2066372071609290753/2026-06-16_HhKBXV4QU7ZSZaxS_thumbnail.png',2066372071609290753,'0x000000'),(2066701930990145538,'https://hsc-1431273257.cos.ap-shanghai.myqcloud.com/h-smartpic/space/2066372071609290753/2026-06-16_hPFSo69hLnamibCd.webp','测试素材_9_20260616',NULL,'模板','[\"搞笑\"]',18350,368,628,0.59,'webp',2063510821313417218,'2026-06-16 09:58:32','2026-06-16 09:58:34','2026-06-16 11:42:49',0,1,'管理员自动过审',2063510821313417218,'2026-06-16 09:58:34','https://hsc-1431273257.cos.ap-shanghai.myqcloud.com/h-smartpic/space/2066372071609290753/2026-06-16_hPFSo69hLnamibCd_thumbnail.png',2066372071609290753,'0x686a52'),(2066701973172260866,'https://hsc-1431273257.cos.ap-shanghai.myqcloud.com/h-smartpic/space/2066372071609290753/2026-06-16_mK9ZGSuNOpMnjmco.webp','测试素材_10_20260616',NULL,'模板','[\"搞笑\"]',9562,368,619,0.59,'webp',2063510821313417218,'2026-06-16 09:58:42','2026-06-16 09:58:44','2026-06-16 11:42:49',0,1,'管理员自动过审',2063510821313417218,'2026-06-16 09:58:44','https://hsc-1431273257.cos.ap-shanghai.myqcloud.com/h-smartpic/space/2066372071609290753/2026-06-16_mK9ZGSuNOpMnjmco_thumbnail.png',2066372071609290753,'0x204040'),(2066702069473480705,'https://hsc-1431273257.cos.ap-shanghai.myqcloud.com/h-smartpic/space/2066372071609290753/2026-06-16_oH9WNfNcvJsHEGnT.webp','测试素材_11_20260616',NULL,'模板','[\"搞笑\"]',28380,368,636,0.58,'webp',2063510821313417218,'2026-06-16 09:59:05','2026-06-16 09:59:07','2026-06-17 20:26:29',1,1,'管理员自动过审',2063510821313417218,'2026-06-16 09:59:07','https://hsc-1431273257.cos.ap-shanghai.myqcloud.com/h-smartpic/space/2066372071609290753/2026-06-16_oH9WNfNcvJsHEGnT_thumbnail.png',2066372071609290753,'0xd69a40'),(2066702202634244097,'https://hsc-1431273257.cos.ap-shanghai.myqcloud.com/h-smartpic/space/2066372071609290753/2026-06-16_iY9G2TzT1wl91ahY.webp','测试素材_12_20260616',NULL,'模板','[\"搞笑\"]',35928,368,657,0.56,'webp',2063510821313417218,'2026-06-16 09:59:37','2026-06-16 09:59:39','2026-06-16 11:42:49',0,1,'管理员自动过审',2063510821313417218,'2026-06-16 09:59:39','https://hsc-1431273257.cos.ap-shanghai.myqcloud.com/h-smartpic/space/2066372071609290753/2026-06-16_iY9G2TzT1wl91ahY_thumbnail.png',2066372071609290753,'0x0b172f'),(2066775149227081729,'https://hsc-1431273257.cos.ap-shanghai.myqcloud.com/h-smartpic/public/2063510821313417218/2026-06-16_g5uVbbRArza2qc7u.webp','表情包1',NULL,'模板','[\"搞笑\",\"高清\"]',13810,474,474,1,'webp',2063510821313417218,'2026-06-16 14:49:29','2026-06-16 14:49:29','2026-06-16 14:49:29',0,1,'管理员自动过审',2063510821313417218,'2026-06-16 14:49:29','https://hsc-1431273257.cos.ap-shanghai.myqcloud.com/h-smartpic/public/2063510821313417218/2026-06-16_g5uVbbRArza2qc7u_thumbnail.',NULL,'0xe0e0e0'),(2066775152901292034,'https://hsc-1431273257.cos.ap-shanghai.myqcloud.com/h-smartpic/public/2063510821313417218/2026-06-16_PE7KpHehajrwcfAf.webp','表情包2',NULL,'模板','[\"搞笑\",\"高清\"]',9412,474,470,1.01,'webp',2063510821313417218,'2026-06-16 14:49:29','2026-06-16 14:49:29','2026-06-16 14:49:29',0,1,'管理员自动过审',2063510821313417218,'2026-06-16 14:49:30','https://hsc-1431273257.cos.ap-shanghai.myqcloud.com/h-smartpic/public/2063510821313417218/2026-06-16_PE7KpHehajrwcfAf.webp',NULL,'0x5c495b'),(2066775156567113729,'https://hsc-1431273257.cos.ap-shanghai.myqcloud.com/h-smartpic/public/2063510821313417218/2026-06-16_Jb6i80YcqWJTU6gb.webp','表情包3',NULL,'模板','[\"搞笑\",\"高清\"]',6838,474,474,1,'webp',2063510821313417218,'2026-06-16 14:49:30','2026-06-16 14:49:30','2026-06-16 14:49:30',0,1,'管理员自动过审',2063510821313417218,'2026-06-16 14:49:31','https://hsc-1431273257.cos.ap-shanghai.myqcloud.com/h-smartpic/public/2063510821313417218/2026-06-16_Jb6i80YcqWJTU6gb.webp',NULL,'0xe0e0e0'),(2066775159247273986,'https://hsc-1431273257.cos.ap-shanghai.myqcloud.com/h-smartpic/public/2063510821313417218/2026-06-16_cx9mNFYfsI568i70.webp','表情包4',NULL,'模板','[\"搞笑\",\"高清\"]',7474,474,474,1,'webp',2063510821313417218,'2026-06-16 14:49:31','2026-06-16 14:49:31','2026-06-16 14:49:31',0,1,'管理员自动过审',2063510821313417218,'2026-06-16 14:49:31','https://hsc-1431273257.cos.ap-shanghai.myqcloud.com/h-smartpic/public/2063510821313417218/2026-06-16_cx9mNFYfsI568i70.webp',NULL,'0x727258'),(2066775162124566529,'https://hsc-1431273257.cos.ap-shanghai.myqcloud.com/h-smartpic/public/2063510821313417218/2026-06-16_oZhyAWJJkidL6Cnl.webp','表情包5',NULL,'模板','[\"搞笑\",\"高清\"]',11622,474,481,0.99,'webp',2063510821313417218,'2026-06-16 14:49:32','2026-06-16 14:49:32','2026-06-16 14:49:32',0,1,'管理员自动过审',2063510821313417218,'2026-06-16 14:49:32','https://hsc-1431273257.cos.ap-shanghai.myqcloud.com/h-smartpic/public/2063510821313417218/2026-06-16_oZhyAWJJkidL6Cnl_thumbnail.',NULL,'0xe0e0e0'),(2066775164821504001,'https://hsc-1431273257.cos.ap-shanghai.myqcloud.com/h-smartpic/public/2063510821313417218/2026-06-16_RXfm41I6PKZd2j8H.webp','表情包6',NULL,'模板','[\"搞笑\",\"高清\"]',16288,474,403,1.18,'webp',2063510821313417218,'2026-06-16 14:49:32','2026-06-16 14:49:32','2026-06-16 14:49:32',0,1,'管理员自动过审',2063510821313417218,'2026-06-16 14:49:33','https://hsc-1431273257.cos.ap-shanghai.myqcloud.com/h-smartpic/public/2063510821313417218/2026-06-16_RXfm41I6PKZd2j8H_thumbnail.',NULL,'0xdba990'),(2066775169296826370,'https://hsc-1431273257.cos.ap-shanghai.myqcloud.com/h-smartpic/public/2063510821313417218/2026-06-16_OYMZuwwjh6v79enf.webp','表情包7',NULL,'模板','[\"搞笑\",\"高清\"]',13190,474,474,1,'webp',2063510821313417218,'2026-06-16 14:49:33','2026-06-16 14:49:33','2026-06-16 14:49:33',0,1,'管理员自动过审',2063510821313417218,'2026-06-16 14:49:34','https://hsc-1431273257.cos.ap-shanghai.myqcloud.com/h-smartpic/public/2063510821313417218/2026-06-16_OYMZuwwjh6v79enf_thumbnail.',NULL,'0x5e5d3f'),(2066775171645636609,'https://hsc-1431273257.cos.ap-shanghai.myqcloud.com/h-smartpic/public/2063510821313417218/2026-06-16_0YoTLpjCXySiPBwx.webp','表情包8',NULL,'模板','[\"搞笑\",\"高清\"]',8480,474,446,1.06,'webp',2063510821313417218,'2026-06-16 14:49:34','2026-06-16 14:49:34','2026-06-17 20:35:09',1,1,'管理员自动过审',2063510821313417218,'2026-06-16 14:49:34','https://hsc-1431273257.cos.ap-shanghai.myqcloud.com/h-smartpic/public/2063510821313417218/2026-06-16_0YoTLpjCXySiPBwx.webp',NULL,'0x725638'),(2066775174451625986,'https://hsc-1431273257.cos.ap-shanghai.myqcloud.com/h-smartpic/public/2063510821313417218/2026-06-16_kjkHih4MA7nRd60C.webp','表情包9',NULL,'模板','[\"搞笑\",\"高清\"]',13188,474,474,1,'webp',2063510821313417218,'2026-06-16 14:49:35','2026-06-16 14:49:35','2026-06-16 14:49:35',0,1,'管理员自动过审',2063510821313417218,'2026-06-16 14:49:35','https://hsc-1431273257.cos.ap-shanghai.myqcloud.com/h-smartpic/public/2063510821313417218/2026-06-16_kjkHih4MA7nRd60C_thumbnail.',NULL,'0xe0e0e0'),(2066775177203089410,'https://hsc-1431273257.cos.ap-shanghai.myqcloud.com/h-smartpic/public/2063510821313417218/2026-06-16_Beo0kKPFoHLRGw1r.webp','表情包10',NULL,'模板','[\"搞笑\",\"高清\"]',2914,172,172,1,'webp',2063510821313417218,'2026-06-16 14:49:35','2026-06-16 14:49:35','2026-06-16 14:49:35',0,1,'管理员自动过审',2063510821313417218,'2026-06-16 14:49:36','https://hsc-1431273257.cos.ap-shanghai.myqcloud.com/h-smartpic/public/2063510821313417218/2026-06-16_Beo0kKPFoHLRGw1r.webp',NULL,'0x9c641a'),(2066775599703719938,'https://hsc-1431273257.cos.ap-shanghai.myqcloud.com/h-smartpic/public/2063510821313417218/2026-06-16_WnfQVM2f1tHd2Mxj.webp','aea15313-1500-4e2e-a0e0-500251c8a05c',NULL,NULL,NULL,26242,368,339,1.09,'webp',2063510821313417218,'2026-06-16 14:51:16','2026-06-16 14:51:18','2026-06-16 14:51:31',0,1,'管理员操作通过',2063510821313417218,'2026-06-16 14:51:31','https://hsc-1431273257.cos.ap-shanghai.myqcloud.com/h-smartpic/public/2063510821313417218/2026-06-16_WnfQVM2f1tHd2Mxj_thumbnail.png',NULL,'0xb1ae87'),(2066775826863030273,'https://hsc-1431273257.cos.ap-shanghai.myqcloud.com/h-smartpic/public/2066372574728638466/2026-06-16_dAoxzIxP1GJkVHjY.webp','bbbde3a9-8f84-48c1-895c-62cf95460876',NULL,NULL,NULL,7578,368,246,1.5,'webp',2066372574728638466,'2026-06-16 14:52:10','2026-06-16 14:52:11','2026-06-16 14:52:44',0,1,'管理员操作通过',2063510821313417218,'2026-06-16 14:52:45','https://hsc-1431273257.cos.ap-shanghai.myqcloud.com/h-smartpic/public/2066372574728638466/2026-06-16_dAoxzIxP1GJkVHjY_thumbnail.png',NULL,'0x02115b'),(2066826570198806530,'https://hsc-1431273257.cos.ap-shanghai.myqcloud.com/h-smartpic/public/2063510821313417218/2026-06-16_kvSXyXdpNzgPfubP.webp','二次元cos1',NULL,'素材','[\"艺术\"]',25958,474,813,0.58,'webp',2063510821313417218,'2026-06-16 18:13:48','2026-06-16 18:13:48','2026-06-17 20:23:48',0,1,'管理员操作通过',2063510821313417218,'2026-06-17 20:23:48','https://hsc-1431273257.cos.ap-shanghai.myqcloud.com/h-smartpic/public/2063510821313417218/2026-06-16_kvSXyXdpNzgPfubP_thumbnail.',NULL,'0x998371'),(2066831783320219649,'https://hsc-1431273257.cos.ap-shanghai.myqcloud.com/h-smartpic/public/2063510821313417218/2026-06-16_e8HPnASO1FOvXoT2.webp','测试ai拓展1',NULL,'模板','[\"高清\"]',24636,474,1053,0.45,'webp',2063510821313417218,'2026-06-16 18:34:31','2026-06-16 18:34:31','2026-06-17 20:37:02',1,1,'管理员自动过审',2063510821313417218,'2026-06-16 18:34:32','https://hsc-1431273257.cos.ap-shanghai.myqcloud.com/h-smartpic/public/2063510821313417218/2026-06-16_e8HPnASO1FOvXoT2_thumbnail.',NULL,'0xa1856c'),(2066831786973458433,'https://hsc-1431273257.cos.ap-shanghai.myqcloud.com/h-smartpic/public/2063510821313417218/2026-06-16_cvvUrdWNYVofjd9v.webp','测试ai拓展2',NULL,'模板','[\"高清\"]',13830,334,333,1,'webp',2063510821313417218,'2026-06-16 18:34:32','2026-06-16 18:41:34','2026-06-16 18:41:34',0,1,'管理员自动过审',2063510821313417218,'2026-06-16 18:41:34','https://hsc-1431273257.cos.ap-shanghai.myqcloud.com/h-smartpic/public/2063510821313417218/2026-06-16_cvvUrdWNYVofjd9v_thumbnail.png',NULL,'0x7c7c5d'),(2066856929854615553,'https://hsc-1431273257.cos.ap-shanghai.myqcloud.com/h-smartpic/public/2063510821313417218/2026-06-16_YUFKxnC4srnRQ7CW.webp','1',NULL,NULL,NULL,15702,708,600,1.18,'webp',2063510821313417218,'2026-06-16 20:14:27','2026-06-16 20:38:59','2026-06-16 20:38:59',0,1,'管理员自动过审',2063510821313417218,'2026-06-16 20:38:59','https://hsc-1431273257.cos.ap-shanghai.myqcloud.com/h-smartpic/public/2063510821313417218/2026-06-16_YUFKxnC4srnRQ7CW_thumbnail.png',NULL,'0x7d5e3f'),(2066863445009596417,'https://hsc-1431273257.cos.ap-shanghai.myqcloud.com/h-smartpic/public/2063510821313417218/2026-06-21_lC8P9feWVJbkP2j5.webp','result-534bb09c-38cb-4e55-a17e-54089ffa2685',NULL,NULL,'[]',114986,2832,2400,1.18,'webp',2063510821313417218,'2026-06-16 20:40:20','2026-06-21 16:23:00','2026-06-21 16:23:00',0,1,'管理员自动过审',2063510821313417218,'2026-06-21 16:23:00','https://hsc-1431273257.cos.ap-shanghai.myqcloud.com/h-smartpic/public/2063510821313417218/2026-06-21_lC8P9feWVJbkP2j5_thumbnail.',NULL,'0x000000'),(2067221169895477249,'https://hsc-1431273257.cos.ap-shanghai.myqcloud.com/h-smartpic/public/2063510821313417218/2026-06-17_Jxdxy6nmCKVwMQ3Q.webp','6月17日1',NULL,'素材','[\"背景\"]',25958,474,813,0.58,'webp',2063510821313417218,'2026-06-17 20:21:48','2026-06-17 20:21:48','2026-06-17 20:40:41',1,1,'管理员自动过审',2063510821313417218,'2026-06-17 20:21:49','https://hsc-1431273257.cos.ap-shanghai.myqcloud.com/h-smartpic/public/2063510821313417218/2026-06-17_Jxdxy6nmCKVwMQ3Q_thumbnail.',NULL,'0x998371'),(2067221173221560322,'https://hsc-1431273257.cos.ap-shanghai.myqcloud.com/h-smartpic/public/2063510821313417218/2026-06-17_iu6eBWKrvY3SQtcf.webp','6月17日2',NULL,'素材','[\"背景\"]',19836,474,711,0.67,'webp',2063510821313417218,'2026-06-17 20:21:49','2026-06-17 20:21:49','2026-06-17 20:21:49',0,1,'管理员自动过审',2063510821313417218,'2026-06-17 20:21:49','https://hsc-1431273257.cos.ap-shanghai.myqcloud.com/h-smartpic/public/2063510821313417218/2026-06-17_iu6eBWKrvY3SQtcf_thumbnail.',NULL,'0x7f7e60'),(2067592693941157889,'https://hsc-1431273257.cos.ap-shanghai.myqcloud.com/h-smartpic/public/2063510821313417218/2026-06-18_5tG8TnQgtn3dsl24.webp','6月18日1',NULL,NULL,NULL,7244,440,387,1.14,'webp',2063510821313417218,'2026-06-18 20:58:06','2026-06-18 20:58:06','2026-06-18 20:58:06',0,1,'管理员自动过审',2063510821313417218,'2026-06-18 20:58:07','https://hsc-1431273257.cos.ap-shanghai.myqcloud.com/h-smartpic/public/2063510821313417218/2026-06-18_5tG8TnQgtn3dsl24.webp',NULL,'0x000000'),(2067600758333685761,'https://hsc-1431273257.cos.ap-shanghai.myqcloud.com/h-smartpic/public/2063510821313417218/2026-06-18_avnonF1Wpm4dBvR2.webp','1',NULL,NULL,NULL,9180,365,317,1.15,'webp',2063510821313417218,'2026-06-18 21:30:09','2026-06-18 21:30:12','2026-06-18 21:30:11',0,1,'管理员自动过审',2063510821313417218,'2026-06-18 21:30:12','https://hsc-1431273257.cos.ap-shanghai.myqcloud.com/h-smartpic/public/2063510821313417218/2026-06-18_avnonF1Wpm4dBvR2_thumbnail.png',NULL,'0x7e5f40'),(2067601679474147329,'https://hsc-1431273257.cos.ap-shanghai.myqcloud.com/h-smartpic/space/2067600904807170049/2026-06-19_njGyRQIo4pvSphxW.webp','0ac5c2c4-363d-4b98-a915-360f1ad097fe',NULL,NULL,'[]',168,95,95,1,'webp',2066372601324720129,'2026-06-18 21:33:49','2026-06-19 20:17:52','2026-06-19 20:18:00',1,0,'管理员自动过审',2063510821313417218,'2026-06-19 20:16:57','https://hsc-1431273257.cos.ap-shanghai.myqcloud.com/h-smartpic/space/2067600904807170049/2026-06-19_njGyRQIo4pvSphxW.webp',2067600904807170049,'0x202020'),(2067945048419295234,'https://hsc-1431273257.cos.ap-shanghai.myqcloud.com/h-smartpic/space/2067600904807170049/2026-06-19_qdYsa8hTnO1axuJE.webp','197c2252-67d9-4aae-a4f8-052a9d215e7f',NULL,NULL,NULL,28380,368,636,0.58,'webp',2063510821313417218,'2026-06-19 20:18:14','2026-06-19 20:18:30','2026-06-19 20:18:30',0,1,'管理员自动过审',2063510821313417218,'2026-06-19 20:18:30','https://hsc-1431273257.cos.ap-shanghai.myqcloud.com/h-smartpic/space/2067600904807170049/2026-06-19_qdYsa8hTnO1axuJE_thumbnail.png',2067600904807170049,'0xd69a40'),(2067945147945934849,'https://hsc-1431273257.cos.ap-shanghai.myqcloud.com/h-smartpic/space/2067600904807170049/2026-06-21_8n7g681K0t38Owbk.webp','0ac5c2c4-363d-4b98-a915-360f1ad097fe',NULL,NULL,'[]',13466,466,400,1.17,'webp',2063510821313417218,'2026-06-19 20:18:38','2026-06-21 16:22:14','2026-06-21 16:22:13',0,1,'管理员自动过审',2063510821313417218,'2026-06-21 16:22:14','https://hsc-1431273257.cos.ap-shanghai.myqcloud.com/h-smartpic/space/2067600904807170049/2026-06-21_8n7g681K0t38Owbk_thumbnail.png',2067600904807170049,'0x3b3b2a');
/*!40000 ALTER TABLE `picture` ENABLE KEYS */;
UNLOCK TABLES;

--
-- Table structure for table `space`
--

DROP TABLE IF EXISTS `space`;
/*!40101 SET @saved_cs_client     = @@character_set_client */;
/*!50503 SET character_set_client = utf8mb4 */;
CREATE TABLE `space` (
  `id` bigint NOT NULL AUTO_INCREMENT COMMENT 'id',
  `spaceName` varchar(128) COLLATE utf8mb4_unicode_ci DEFAULT NULL COMMENT '空间名称',
  `spaceLevel` int DEFAULT '0' COMMENT '空间级别：0-普通版 1-专业版 2-旗舰版',
  `maxSize` bigint DEFAULT '0' COMMENT '空间图片的最大总大小',
  `maxCount` bigint DEFAULT '0' COMMENT '空间图片的最大数量',
  `totalSize` bigint DEFAULT '0' COMMENT '当前空间下图片的总大小',
  `totalCount` bigint DEFAULT '0' COMMENT '当前空间下的图片数量',
  `userId` bigint NOT NULL COMMENT '创建用户 id',
  `createTime` datetime NOT NULL DEFAULT CURRENT_TIMESTAMP COMMENT '创建时间',
  `editTime` datetime NOT NULL DEFAULT CURRENT_TIMESTAMP COMMENT '编辑时间',
  `updateTime` datetime NOT NULL DEFAULT CURRENT_TIMESTAMP ON UPDATE CURRENT_TIMESTAMP COMMENT '更新时间',
  `isDelete` tinyint NOT NULL DEFAULT '0' COMMENT '是否删除',
  `spaceType` int NOT NULL DEFAULT '0' COMMENT '空间类型：0-私有 1-团队',
  PRIMARY KEY (`id`),
  KEY `idx_userId` (`userId`),
  KEY `idx_spaceName` (`spaceName`),
  KEY `idx_spaceLevel` (`spaceLevel`),
  KEY `idx_spaceType` (`spaceType`)
) ENGINE=InnoDB AUTO_INCREMENT=2067604131384573954 DEFAULT CHARSET=utf8mb4 COLLATE=utf8mb4_unicode_ci COMMENT='空间';
/*!40101 SET character_set_client = @saved_cs_client */;

--
-- Dumping data for table `space`
--

LOCK TABLES `space` WRITE;
/*!40000 ALTER TABLE `space` DISABLE KEYS */;
INSERT INTO `space` VALUES (2066372071609290753,'管理员韩淑成的图片空间',2,10507780096,10001,317998,12,2063510821313417218,'2026-06-15 12:07:47','2026-06-15 12:07:47','2026-06-17 20:26:29',0,0),(2066372780211785729,'测试用户的普通版图库',0,104857600,100,14098,1,2066372574728638466,'2026-06-15 12:10:36','2026-06-15 12:10:36','2026-06-15 13:04:45',0,0),(2067600904807170049,'测试用户的普通版团队空间',0,104857600,100,148506,9,2066372574728638466,'2026-06-18 21:30:44','2026-06-18 21:30:44','2026-06-21 16:22:02',0,1),(2067603882968530945,'123',0,104857600,100,0,0,2066372601324720129,'2026-06-18 21:42:34','2026-06-18 21:42:34','2026-06-18 21:42:34',0,1),(2067604131384573953,'管理员韩淑成的团队空间',2,10485760000,10000,0,0,2063510821313417218,'2026-06-18 21:43:33','2026-06-18 21:43:33','2026-06-18 21:43:33',0,1);
/*!40000 ALTER TABLE `space` ENABLE KEYS */;
UNLOCK TABLES;

--
-- Table structure for table `space_user`
--

DROP TABLE IF EXISTS `space_user`;
/*!40101 SET @saved_cs_client     = @@character_set_client */;
/*!50503 SET character_set_client = utf8mb4 */;
CREATE TABLE `space_user` (
  `id` bigint NOT NULL AUTO_INCREMENT COMMENT 'id',
  `spaceId` bigint NOT NULL COMMENT '空间 id',
  `userId` bigint NOT NULL COMMENT '用户 id',
  `spaceRole` varchar(128) COLLATE utf8mb4_unicode_ci DEFAULT 'viewer' COMMENT '空间角色：viewer/editor/admin',
  `createTime` datetime NOT NULL DEFAULT CURRENT_TIMESTAMP COMMENT '创建时间',
  `updateTime` datetime NOT NULL DEFAULT CURRENT_TIMESTAMP ON UPDATE CURRENT_TIMESTAMP COMMENT '更新时间',
  PRIMARY KEY (`id`),
  UNIQUE KEY `uk_spaceId_userId` (`spaceId`,`userId`),
  KEY `idx_spaceId` (`spaceId`),
  KEY `idx_userId` (`userId`)
) ENGINE=InnoDB AUTO_INCREMENT=6 DEFAULT CHARSET=utf8mb4 COLLATE=utf8mb4_unicode_ci COMMENT='空间用户关联';
/*!40101 SET character_set_client = @saved_cs_client */;

--
-- Dumping data for table `space_user`
--

LOCK TABLES `space_user` WRITE;
/*!40000 ALTER TABLE `space_user` DISABLE KEYS */;
INSERT INTO `space_user` VALUES (1,2067600904807170049,2066372574728638466,'admin','2026-06-18 21:30:44','2026-06-18 21:30:44'),(2,2067600904807170049,2063510821313417218,'admin','2026-06-18 21:33:34','2026-06-18 21:43:13'),(3,2067600904807170049,2066372601324720129,'editor','2026-06-18 21:42:24','2026-06-18 21:43:49'),(4,2067603882968530945,2066372601324720129,'admin','2026-06-18 21:42:34','2026-06-18 21:42:34'),(5,2067604131384573953,2063510821313417218,'admin','2026-06-18 21:43:33','2026-06-18 21:43:33');
/*!40000 ALTER TABLE `space_user` ENABLE KEYS */;
UNLOCK TABLES;

--
-- Table structure for table `user`
--

DROP TABLE IF EXISTS `user`;
/*!40101 SET @saved_cs_client     = @@character_set_client */;
/*!50503 SET character_set_client = utf8mb4 */;
CREATE TABLE `user` (
  `id` bigint NOT NULL AUTO_INCREMENT COMMENT 'id',
  `userAccount` varchar(256) COLLATE utf8mb4_unicode_ci NOT NULL COMMENT '账号',
  `userPassword` varchar(512) COLLATE utf8mb4_unicode_ci NOT NULL COMMENT '密码',
  `userName` varchar(256) COLLATE utf8mb4_unicode_ci DEFAULT NULL COMMENT '用户昵称',
  `userAvatar` varchar(1024) COLLATE utf8mb4_unicode_ci DEFAULT NULL COMMENT '用户头像',
  `userProfile` varchar(512) COLLATE utf8mb4_unicode_ci DEFAULT NULL COMMENT '用户简介',
  `userRole` varchar(256) COLLATE utf8mb4_unicode_ci NOT NULL DEFAULT 'user' COMMENT '用户角色：user/admin',
  `editTime` datetime NOT NULL DEFAULT CURRENT_TIMESTAMP COMMENT '编辑时间',
  `createTime` datetime NOT NULL DEFAULT CURRENT_TIMESTAMP COMMENT '创建时间',
  `updateTime` datetime NOT NULL DEFAULT CURRENT_TIMESTAMP ON UPDATE CURRENT_TIMESTAMP COMMENT '更新时间',
  `isDelete` tinyint NOT NULL DEFAULT '0' COMMENT '是否删除',
  `vipExpireTime` datetime DEFAULT NULL COMMENT '会员过期时间',
  `vipCode` varchar(128) COLLATE utf8mb4_unicode_ci DEFAULT NULL COMMENT '会员兑换码',
  `vipNumber` bigint DEFAULT NULL COMMENT '会员编号',
  PRIMARY KEY (`id`),
  UNIQUE KEY `uk_userAccount` (`userAccount`),
  KEY `idx_userName` (`userName`)
) ENGINE=InnoDB AUTO_INCREMENT=2068596992003407875 DEFAULT CHARSET=utf8mb4 COLLATE=utf8mb4_unicode_ci COMMENT='用户';
/*!40101 SET character_set_client = @saved_cs_client */;

--
-- Dumping data for table `user`
--

LOCK TABLES `user` WRITE;
/*!40000 ALTER TABLE `user` DISABLE KEYS */;
INSERT INTO `user` VALUES (2063510821313417218,'hanshucheng','d1a466e2ccb7ad08629ccf0be5c99a6a','韩淑成','https://hsc-java.oss-cn-beijing.aliyuncs.com/18b0312f-c873-4e59-8e2f-0bf2f97a3873.jpg',NULL,'admin','2026-06-07 14:38:12','2026-06-07 14:38:12','2026-06-08 11:17:09',0,NULL,NULL,NULL),(2063511272196902914,'ceshi','d1a466e2ccb7ad08629ccf0be5c99a6a','ce','','111111111','admin','2026-06-07 14:40:00','2026-06-07 14:40:00','2026-06-21 14:58:27',0,NULL,NULL,NULL),(2063511324499873794,'ceshi_2','d1a466e2ccb7ad08629ccf0be5c99a6a','123456','','','user','2026-06-07 14:40:12','2026-06-07 14:40:12','2026-06-07 14:40:12',0,NULL,NULL,NULL),(2063820986231255042,'hanshucheng666','4a16d637b5f9bfdb8ee23dcd0707a082','无名',NULL,NULL,'user','2026-06-08 11:10:41','2026-06-08 11:10:41','2026-06-08 11:10:41',0,NULL,NULL,NULL),(2066372574728638466,'hanshucheng2','d1a466e2ccb7ad08629ccf0be5c99a6a','无名',NULL,NULL,'user','2026-06-15 12:09:47','2026-06-15 12:09:47','2026-06-15 12:09:47',0,NULL,NULL,NULL),(2066372601324720129,'hanshucheng3','d1a466e2ccb7ad08629ccf0be5c99a6a','无名',NULL,NULL,'user','2026-06-15 12:09:54','2026-06-15 12:09:54','2026-06-15 12:09:54',0,NULL,NULL,NULL),(2068596992003407874,'ceshi3','d1a466e2ccb7ad08629ccf0be5c99a6a','测试','https://bpic.588ku.com/element_pic/23/07/25/ac0eff9c8e8ed3780d194bd48d106d70.jpg!/fw/300/unsharp/true','测试1','user','2026-06-21 15:28:50','2026-06-21 15:28:50','2026-06-21 15:46:45',0,NULL,NULL,NULL);
/*!40000 ALTER TABLE `user` ENABLE KEYS */;
UNLOCK TABLES;
/*!40103 SET TIME_ZONE=@OLD_TIME_ZONE */;

/*!40101 SET SQL_MODE=@OLD_SQL_MODE */;
/*!40014 SET FOREIGN_KEY_CHECKS=@OLD_FOREIGN_KEY_CHECKS */;
/*!40014 SET UNIQUE_CHECKS=@OLD_UNIQUE_CHECKS */;
/*!40101 SET CHARACTER_SET_CLIENT=@OLD_CHARACTER_SET_CLIENT */;
/*!40101 SET CHARACTER_SET_RESULTS=@OLD_CHARACTER_SET_RESULTS */;
/*!40101 SET COLLATION_CONNECTION=@OLD_COLLATION_CONNECTION */;
/*!40111 SET SQL_NOTES=@OLD_SQL_NOTES */;

-- Dump completed on 2026-06-21 17:26:06
